country_code,account_code,sha_code,srhr_code,status
CTA,2110101,HC.7,SRHR.NA,approved
CTA,2210201,HC.7,SRHR.NA,approved
CTA,2210301,HC.7,SRHR.NA,approved
CTA,2211101,HC.5.1,SRHR.NA,approved
CTA,2211102,HC.5.1,SRHR.FP,approved
CTA,2211103,HC.6.2,SRHR.NA,approved
CTA,2211105,HC.5.1,SRHR.HIV,approved
CTA,2211110,HC.5.1,SRHR.MH,approved
CTA,2211199,HC.5.1,SRHR.NA,approved
CTA,2211201,HC.4,SRHR.NA,approved
CTA,2211305,HC.6.2,SRHR.NA,approved
CTA,2211306,HC.6.4,SRHR.MH,approved
CTA,2211308,HC.6.1,SRHR.AH,approved
CTA,2211320,HC.6.3,SRHR.RC,approved
CTA,2211404,HC.1.3,SRHR.SGBV,approved
CTA,2211407,HC.7,SRHR.NA,approved
CTA,2211501,HC.7,SRHR.NA,approved
CTA,2211511,HC.7,SRHR.NA,approved
CTA,3110101,,SRHR.NA,review
CTA,3110701,HC.4,SRHR.NA,approved
CTB,610100,HC.7,SRHR.NA,approved
CTB,610200,HC.7,SRHR.NA,approved
CTB,611010,HC.5.1,SRHR.NA,approved
CTB,611015,HC.5.1,SRHR.FP,approved
CTB,611020,HC.6.2,SRHR.NA,approved
CTB,611025,HC.5.1,SRHR.HIV,approved
CTB,611030,HC.5.1,SRHR.MH,approved
CTB,611040,HC.4,SRHR.NA,approved
CTB,612010,HC.6.1,SRHR.MH,approved
CTB,612015,HC.6.1,SRHR.HIV,approved
CTB,612020,HC.6.3,SRHR.RC,approved
CTB,612025,HC.6.1,SRHR.AH,approved
CTB,612030,HC.1.3,SRHR.SGBV,approved
CTB,613010,HC.7,SRHR.NA,approved
CTB,613020,HC.7,SRHR.NA,approved
CTB,613030,HC.7,SRHR.NA,approved
CTB,614010,,SRHR.NA,review
CTB,614020,HC.4,SRHR.NA,approved
CTC,2210101,HC.7,SRHR.NA,approved
CTC,2210105,HC.7,SRHR.NA,approved
CTC,2211001,HC.5.1,SRHR.NA,approved
CTC,2211005,HC.5.1,SRHR.FP,approved
CTC,2211010,HC.6.2,SRHR.NA,approved
CTC,2211015,HC.5.1,SRHR.HIV,approved
CTC,2211020,HC.5.1,SRHR.MH,approved
CTC,2211050,HC.4,SRHR.NA,approved
CTC,2212010,HC.6.1,SRHR.AH,approved
CTC,2212015,HC.6.3,SRHR.RC,approved
CTC,2212020,HC.1.3,SRHR.SGBV,approved
CTC,2212030,HC.6.4,SRHR.MH,approved
CTC,2213010,HC.7,SRHR.NA,approved
CTC,2213020,HC.4,SRHR.NA,approved
CTC,2214010,,SRHR.NA,review
CTC,2214020,HC.4,SRHR.NA,approved
